{
  "properties": [
    {
      "name": "jwt.secret",
      "type": "java.lang.String",
      "description": "Secret key for JWT token signing"
    },
    {
      "name": "jwt.expiration",
      "type": "java.lang.Long",
      "description": "JWT expiration time in milliseconds"
    },
    {
      "name": "app.cart.session-timeout",
      "type": "java.time.Duration",
      "description": "Session timeout for cart"
    },
    {
      "name": "app.payment.gateway-url",
      "type": "java.lang.String",
      "description": "Payment gateway API endpoint URL"
    },
    {
      "name": "app.payment.api-key",
      "type": "java.lang.String",
      "description": "Payment gateway API key"
    }
  ]
}
